{"cameraMode":{"drawMode":0,"name":"Shaded","section":"Shading Mode"},"sceneLighting":true,"audioPlay":false,"sceneViewState":{"showFog":true,"showMaterialUpdate":true,"showSkybox":true,"showFlares":true,"showImageEffects":true,"showParticleSystems":true},"in2DMode":false,"pivot":{"x":-113.27588653564453,"y":0.7976474761962891,"z":63.72745132446289},"rotation":{"x":0.05084015429019928,"y":-0.9496650099754334,"z":0.24749338626861573,"w":0.18638448417186738},"size":11.333906173706055,"orthographic":false}