{"cameraMode":{"drawMode":0,"name":"Shaded","section":"Shading Mode"},"sceneLighting":false,"audioPlay":false,"sceneViewState":{"showFog":true,"showMaterialUpdate":true,"showSkybox":false,"showFlares":true,"showImageEffects":true,"showParticleSystems":true},"in2DMode":false,"pivot":{"x":34.5,"y":-1.1502575874328614,"z":11.100000381469727},"rotation":{"x":-0.11911171674728394,"y":-0.8794069290161133,"z":0.35227295756340029,"w":-0.2974039912223816},"size":27.578142166137697,"orthographic":false}