{"cameraMode":{"drawMode":0,"name":"Shaded","section":"Shading Mode"},"sceneLighting":false,"audioPlay":false,"sceneViewState":{"showFog":true,"showMaterialUpdate":true,"showSkybox":false,"showFlares":true,"showImageEffects":true,"showParticleSystems":true},"in2DMode":false,"pivot":{"x":17.417938232421876,"y":4.476500511169434,"z":-2.3172664642333986},"rotation":{"x":-0.009878110140562058,"y":-0.9726331830024719,"z":0.22875863313674928,"w":-0.041764892637729648},"size":28.965927124023439,"orthographic":false}