{"cameraMode":{"drawMode":0,"name":"Shaded","section":"Shading Mode"},"sceneLighting":false,"audioPlay":false,"sceneViewState":{"showFog":true,"showMaterialUpdate":true,"showSkybox":false,"showFlares":true,"showImageEffects":true,"showParticleSystems":true},"in2DMode":false,"pivot":{"x":34.5,"y":-1.1502575874328614,"z":11.100000381469727},"rotation":{"x":0.01206909865140915,"y":0.9829016923904419,"z":-0.09822086989879608,"w":0.158758282661438},"size":106.82650756835938,"orthographic":false}