{"cameraMode":{"drawMode":0,"name":"Shaded","section":"Shading Mode"},"sceneLighting":true,"audioPlay":false,"sceneViewState":{"showFog":true,"showMaterialUpdate":true,"showSkybox":true,"showFlares":true,"showImageEffects":true,"showParticleSystems":true},"in2DMode":false,"pivot":{"x":-4.54118537902832,"y":-0.04283726215362549,"z":50.0},"rotation":{"x":0.042852114886045459,"y":0.9519960284233093,"z":-0.2563420832157135,"w":0.16290158033370973},"size":10.602743148803711,"orthographic":false}