{"cameraMode":{"drawMode":0,"name":"Shaded","section":"Shading Mode"},"sceneLighting":true,"audioPlay":false,"sceneViewState":{"showFog":true,"showMaterialUpdate":true,"showSkybox":true,"showFlares":true,"showImageEffects":true,"showParticleSystems":true},"in2DMode":false,"pivot":{"x":129.41439819335938,"y":-320.4302978515625,"z":-283.20880126953127},"rotation":{"x":-0.056936271488666537,"y":-0.9118126034736633,"z":0.3833059072494507,"w":-0.1369105577468872},"size":264.3575744628906,"orthographic":false}