{"cameraMode":{"drawMode":0,"name":"Shaded","section":"Shading Mode"},"sceneLighting":false,"audioPlay":false,"sceneViewState":{"showFog":true,"showMaterialUpdate":true,"showSkybox":false,"showFlares":true,"showImageEffects":true,"showParticleSystems":true},"in2DMode":false,"pivot":{"x":40.84130859375,"y":120.37313079833985,"z":-50.9366455078125},"rotation":{"x":0.047016263008117679,"y":0.8647789359092712,"z":-0.08223918080329895,"w":0.49329429864883425},"size":373.180419921875,"orthographic":false}