{"cameraMode":{"drawMode":0,"name":"Shaded","section":"Shading Mode"},"sceneLighting":false,"audioPlay":false,"sceneViewState":{"showFog":true,"showMaterialUpdate":true,"showSkybox":false,"showFlares":true,"showImageEffects":true,"showParticleSystems":true},"in2DMode":false,"pivot":{"x":27.399999618530275,"y":-1.9699833393096924,"z":-19.899999618530275},"rotation":{"x":0.01206909865140915,"y":0.9829016923904419,"z":-0.09822086989879608,"w":0.158758282661438},"size":27.182735443115236,"orthographic":false}