{"cameraMode":{"drawMode":0,"name":"Shaded","section":"Shading Mode"},"sceneLighting":true,"audioPlay":false,"sceneViewState":{"showFog":true,"showMaterialUpdate":true,"showSkybox":true,"showFlares":true,"showImageEffects":true,"showParticleSystems":true},"in2DMode":false,"pivot":{"x":225.64344787597657,"y":-156.17831420898438,"z":-377.176513671875},"rotation":{"x":-0.04540449380874634,"y":-0.9526048302650452,"z":0.18270717561244965,"w":-0.23959843814373017},"size":276.3662109375,"orthographic":false}