{"cameraMode":{"drawMode":0,"name":"Shaded","section":"Shading Mode"},"sceneLighting":false,"audioPlay":false,"sceneViewState":{"showFog":false,"showMaterialUpdate":true,"showSkybox":false,"showFlares":true,"showImageEffects":false,"showParticleSystems":false},"in2DMode":false,"pivot":{"x":-0.15903739631175996,"y":1.1878892183303834,"z":3.755067825317383},"rotation":{"x":0.07981099933385849,"y":-0.9022822380065918,"z":0.3791322410106659,"w":0.18974046409130097},"size":2.3543877601623537,"orthographic":false}