{"cameraMode":{"drawMode":0,"name":"Shaded","section":"Shading Mode"},"sceneLighting":true,"audioPlay":false,"sceneViewState":{"showFog":true,"showMaterialUpdate":true,"showSkybox":false,"showFlares":true,"showImageEffects":true,"showParticleSystems":true},"in2DMode":false,"pivot":{"x":-100.35543060302735,"y":29.334030151367189,"z":-3.076939582824707},"rotation":{"x":-0.06721411645412445,"y":0.9185484647750855,"z":-0.17549005150794984,"w":-0.34844979643821719},"size":63.80461883544922,"orthographic":false}