{"cameraMode":{"drawMode":0,"name":"Shaded","section":"Shading Mode"},"sceneLighting":true,"audioPlay":false,"sceneViewState":{"showFog":true,"showMaterialUpdate":true,"showSkybox":true,"showFlares":true,"showImageEffects":true,"showParticleSystems":true},"in2DMode":false,"pivot":{"x":-32.197059631347659,"y":-360.077392578125,"z":-249.91998291015626},"rotation":{"x":0.036575909703969958,"y":-0.8954470157623291,"z":0.4378850758075714,"w":0.07352463901042938},"size":315.2513122558594,"orthographic":false}