{"cameraMode":{"drawMode":0,"name":"Shaded","section":"Shading Mode"},"sceneLighting":false,"audioPlay":false,"sceneViewState":{"showFog":true,"showMaterialUpdate":true,"showSkybox":false,"showFlares":true,"showImageEffects":true,"showParticleSystems":true},"in2DMode":false,"pivot":{"x":-430.2153015136719,"y":109.27796936035156,"z":235.8200225830078},"rotation":{"x":-0.1958630532026291,"y":0.0916711688041687,"z":-0.018414435908198358,"w":-0.9762620329856873},"size":68.0877456665039,"orthographic":false}