{"cameraMode":{"drawMode":0,"name":"Shaded","section":"Shading Mode"},"sceneLighting":false,"audioPlay":false,"sceneViewState":{"showFog":true,"showMaterialUpdate":true,"showSkybox":false,"showFlares":true,"showImageEffects":true,"showParticleSystems":true},"in2DMode":false,"pivot":{"x":1.2642850875854493,"y":11.48190975189209,"z":0.7344474792480469},"rotation":{"x":-0.008028966374695301,"y":0.9949076771736145,"z":-0.09563537687063217,"w":-0.04518112540245056},"size":30.801612854003908,"orthographic":false}